{
  "dataset": "har",
  "dataset_display_name": "UCI HAR",
  "input_shape": [
    1,
    10,
    57
  ],
  "input_dim": 57,
  "output_size": 6,
  "d_model": 64,
  "bit_width": 8,
  "epochs_trained": 20,
  "epoch_times_sec": [
    0.984513823999805,
    0.6066793540003346,
    0.6193609390002166,
    0.6248075069997867,
    0.624280527999872,
    0.6278828729991801,
    0.6107502289996773,
    0.5992107700003544,
    0.5991893090003941,
    0.5977526810002018,
    0.5968781390001823,
    0.5960070940000151,
    0.5954665780000141,
    0.6138879620002626,
    0.599471339000047,
    0.6065878930003237,
    0.5952467850001995,
    0.5924032960001568,
    0.6169382799998857,
    0.6034322669993344
  ],
  "best_val_accuracy": 0.9884353741496599,
  "test_accuracy": 0.9389209365456397
}