{
  "dataset": "kws",
  "dataset_display_name": "KWS (SpeechCommands)",
  "input_shape": [
    1,
    51,
    40
  ],
  "input_dim": 40,
  "output_size": 35,
  "d_model": 64,
  "bit_width": 8,
  "epochs_trained": 20,
  "epoch_times_sec": [
    34.23157499000081,
    30.53701829700003,
    30.3447583499983,
    30.203846210999473,
    30.166879694999807,
    30.160676838000654,
    30.35143267500098,
    30.146891110998695,
    30.143397429001197,
    30.153074418998585,
    30.278590064997843,
    30.06938865399934,
    29.848416740001994,
    29.82245828700252,
    29.756103768002504,
    29.80953320700064,
    29.978586731998803,
    29.7677804369996,
    29.8559859090019,
    29.742871627000568
  ],
  "best_val_accuracy": 0.9009117322913536,
  "test_accuracy": 0.8895956383462063
}