{
  "dataset": "har",
  "dataset_display_name": "UCI HAR",
  "input_shape": [
    1,
    10,
    57
  ],
  "input_dim": 57,
  "output_size": 6,
  "d_model": 64,
  "bit_width": 8,
  "epochs_trained": 20,
  "epoch_times_sec": [
    0.9102136029978283,
    0.6247846620026394,
    0.6253108300006716,
    0.6343137199983175,
    0.6318776669977524,
    0.6297461159992963,
    0.6371075949973601,
    0.6331144390023837,
    0.6262339749991952,
    0.6158402569999453,
    0.6131837909997557,
    0.6237150779998046,
    0.6066494359984063,
    0.6072263399983058,
    0.5960037139993801,
    0.6179477240002598,
    0.5976312800012238,
    0.6030388200015295,
    0.6159260200001881,
    0.6210074179980438
  ],
  "best_val_accuracy": 0.9870748299319728,
  "test_accuracy": 0.9477434679334917
}