{
  "dataset": "kws",
  "dataset_display_name": "KWS (SpeechCommands)",
  "input_shape": [
    1,
    49,
    40
  ],
  "input_dim": 40,
  "output_size": 35,
  "d_model": 64,
  "bit_width": 8,
  "epochs_trained": 20,
  "epoch_times_sec": [
    272.1115943139994,
    33.07307330600088,
    32.83471377800015,
    35.13584004700169,
    34.69084415699763,
    33.42140780399859,
    32.58544524900208,
    31.897418754000682,
    32.821610912000324,
    31.825734138998087,
    31.93511280000166,
    32.91671146600129,
    32.483320696999726,
    32.95432213499953,
    33.68091815399748,
    34.1585775809981,
    31.7366560249975,
    31.54225109699837,
    33.22811605100287,
    32.417285102997994
  ],
  "best_val_accuracy": 0.893297264803126,
  "test_accuracy": 0.876510676965016
}