{
  "dataset": "har",
  "dataset_display_name": "UCI HAR",
  "input_shape": [
    1,
    10,
    57
  ],
  "input_dim": 57,
  "output_size": 6,
  "d_model": 64,
  "bit_width": 8,
  "epochs_trained": 20,
  "epoch_times_sec": [
    0.8813110959999904,
    0.6268726320004134,
    0.6043290629995681,
    0.6220681029999469,
    0.6358076189999338,
    0.6172287589997723,
    0.6140532469999016,
    0.6138114650002535,
    0.628773438999815,
    0.5936203780001961,
    0.6132229539998661,
    0.6200397379998321,
    0.5994600240001091,
    0.599417553999956,
    0.6181593600003907,
    0.6065564410000661,
    0.6215034460001334,
    0.606417261000388,
    0.6115211899996211,
    0.6167219209992254
  ],
  "best_val_accuracy": 0.9863945578231292,
  "test_accuracy": 0.9406175771971497
}