{
  "dataset": "UCI HAR",
  "input_shape": [
    1,
    10,
    57
  ],
  "output_shape": [
    1,
    6
  ],
  "d_model": 128,
  "bit_width": 8,
  "epochs_trained": 20,
  "best_val_accuracy": 0.9863945578231292,
  "test_accuracy": 0.9419748897183576
}