{
  "dataset": "har",
  "dataset_display_name": "UCI HAR",
  "input_shape": [
    1,
    10,
    57
  ],
  "input_dim": 57,
  "output_size": 6,
  "d_model": 64,
  "bit_width": 8,
  "epochs_trained": 20,
  "epoch_times_sec": [
    0.9878083430012339,
    0.6483289649986546,
    0.6472499670016987,
    0.6403893529968627,
    0.6436584279981616,
    0.6509800040003029,
    0.6437445880001178,
    0.6280790689997957,
    0.627799789999699,
    0.6269043870015594,
    0.6302613869993365,
    0.6278962409996893,
    0.6320176640001591,
    0.6230219669996586,
    0.6248923870007275,
    0.6295784859976266,
    0.634848570000031,
    0.6178487329998461,
    0.620207803996891,
    0.6180048920032277
  ],
  "best_val_accuracy": 0.9870748299319728,
  "test_accuracy": 0.9511367492365117
}