{
  "dataset": "har",
  "dataset_display_name": "UCI HAR",
  "input_shape": [
    1,
    10,
    57
  ],
  "input_dim": 57,
  "output_size": 6,
  "d_model": 64,
  "bit_width": 8,
  "epochs_trained": 20,
  "epoch_times_sec": [
    0.9090456519988948,
    0.6802613269974245,
    0.6438977149991842,
    0.6157262720007566,
    0.616735024999798,
    0.6328942100008135,
    0.6194801589990675,
    0.610259319000761,
    0.604460663998907,
    0.5984829730005004,
    0.6063094940000155,
    0.5972973970019666,
    0.6110382920014672,
    0.6163756909991207,
    0.625766390003264,
    0.6254607460032275,
    0.6151821610001207,
    0.6134871590002149,
    0.6011972080013948,
    0.6008129270012432
  ],
  "best_val_accuracy": 0.9843537414965986,
  "test_accuracy": 0.9538513742789277
}