{
  "dataset": "har",
  "dataset_display_name": "UCI HAR",
  "input_shape": [
    1,
    10,
    57
  ],
  "input_dim": 57,
  "output_size": 6,
  "d_model": 64,
  "bit_width": 8,
  "epochs_trained": 20,
  "epoch_times_sec": [
    0.9946775190001063,
    0.6697223490009492,
    0.6392123670011642,
    0.627624331998959,
    0.6340553959998942,
    0.6539091529994039,
    0.640915807998681,
    0.6445755639979325,
    0.6488548809975327,
    0.6493029260018375,
    0.6387342280031589,
    0.6432779070019023,
    0.6450404930001241,
    0.6465497009994579,
    0.6396152390007046,
    0.6509810460011067,
    0.6395806440013985,
    0.6273697729993728,
    0.6238866599996982,
    0.6251664199990046
  ],
  "best_val_accuracy": 0.9863945578231292,
  "test_accuracy": 0.9351883271123176
}