{
  "dataset": "kws",
  "dataset_display_name": "KWS (SpeechCommands)",
  "input_shape": [
    1,
    49,
    40
  ],
  "input_dim": 40,
  "output_size": 35,
  "d_model": 64,
  "bit_width": 8,
  "epochs_trained": 20,
  "epoch_times_sec": [
    31.394685516999743,
    29.299013117997674,
    29.091579173000355,
    28.97907124399717,
    28.927802586000325,
    29.00571193200085,
    29.117761740999413,
    29.13678234299732,
    29.000442437001766,
    28.9316100319993,
    29.00556265799969,
    28.870315131996904,
    28.98227762800161,
    29.258624748999864,
    29.00437946400052,
    28.974827221998567,
    28.92942285099707,
    28.90277398699982,
    28.97633191100249,
    29.055794488001993
  ],
  "best_val_accuracy": 0.9154393347359984,
  "test_accuracy": 0.9081326669695593
}