{
  "dataset": "har",
  "dataset_display_name": "UCI HAR",
  "input_shape": [
    1,
    10,
    57
  ],
  "input_dim": 57,
  "output_size": 6,
  "d_model": 64,
  "bit_width": 8,
  "epochs_trained": 20,
  "epoch_times_sec": [
    0.9862766719998035,
    0.6004397240012622,
    0.609287592000328,
    0.6026388560003397,
    0.6061586480009282,
    0.6280315170006361,
    0.6262939900007041,
    0.5861862719993951,
    0.5908580600007554,
    0.606768525998632,
    0.5993849219994445,
    0.5974589620000188,
    0.5889526290011418,
    0.5846349889998237,
    0.5880068250007753,
    0.5997903859988583,
    0.5953203690005466,
    0.6104833609988418,
    0.606452645999525,
    0.6164868619998742
  ],
  "best_val_accuracy": 0.9877551020408163,
  "test_accuracy": 0.9450288428910757
}