{
  "dataset": "har",
  "dataset_display_name": "UCI HAR",
  "input_shape": [
    1,
    10,
    57
  ],
  "input_dim": 57,
  "output_size": 6,
  "d_model": 64,
  "bit_width": 8,
  "epochs_trained": 20,
  "epoch_times_sec": [
    0.8668070040002931,
    0.6290843139995559,
    0.6136815199997727,
    0.6220113609997497,
    0.616739998000412,
    0.5995521169998028,
    0.5883111889997963,
    0.5865046709996022,
    0.6043926040001679,
    0.5972506939997402,
    0.5901411939994432,
    0.588285654000174,
    0.6022712019994287,
    0.5972015570005169,
    0.591957825999998,
    0.6186760640002831,
    0.6000557500001378,
    0.6190083659994343,
    0.6192094219995852,
    0.6255391430004238
  ],
  "best_val_accuracy": 0.9870748299319728,
  "test_accuracy": 0.9480827960637936
}