{
  "dataset": "har",
  "dataset_display_name": "UCI HAR",
  "input_shape": [
    1,
    10,
    57
  ],
  "input_dim": 57,
  "output_size": 6,
  "d_model": 64,
  "bit_width": 8,
  "epochs_trained": 20,
  "epoch_times_sec": [
    0.4486344649994862,
    0.21914557099989906,
    0.23352764100127388,
    0.2046066669990978,
    0.2076109390000056,
    0.21800962700035598,
    0.20174382100049115,
    0.2041928899998311,
    0.20276323500002036,
    0.21454864799852658,
    0.2049515340004291,
    0.2121512649991928,
    0.2078610579992528,
    0.2076688870001817,
    0.2058295229999203,
    0.20898702299928118,
    0.20663197000067157,
    0.2055630619997828,
    0.21148378100042464,
    0.207425881000745
  ],
  "best_val_accuracy": 0.9802721088435374,
  "test_accuracy": 0.9433322022395657
}