{
  "dataset": "har",
  "dataset_display_name": "UCI HAR",
  "input_shape": [
    1,
    10,
    57
  ],
  "input_dim": 57,
  "output_size": 6,
  "d_model": 64,
  "bit_width": 8,
  "epochs_trained": 20,
  "epoch_times_sec": [
    0.8736219059992436,
    0.5946536250012286,
    0.6162559059994237,
    0.6265622169994458,
    0.5942759749996185,
    0.6009422520000953,
    0.6030168870001944,
    0.5996793399990565,
    0.6304285460009851,
    0.6120628009994107,
    0.6133004449984583,
    0.6070027400000981,
    0.6258679019992996,
    0.605227937001473,
    0.5987486619997071,
    0.5992050179993385,
    0.603636453000945,
    0.6113713510003436,
    0.6200335060002544,
    0.6006429479984945
  ],
  "best_val_accuracy": 0.9857142857142858,
  "test_accuracy": 0.9524940617577197
}